image_name,image_width,image_height,latitude,longitude,altitude,date,color_count,red,green,blue,color_0,color_1,color_2,color_3,color_4,color_5,color_6,color_7,color_8,color_9
image_013.jpeg,3264,2448,42.36,-71.09,39.48,2016-10-01,"[1096, 783, 754, 489, 414, 3, 2, 2, 2, 2, 1]","[204, 102, 204, 51, 204, 51, 204, 255, 153, 204, 153]","[204, 51, 204, 51, 255, 102, 102, 204, 102, 153, 255]","[255, 51, 204, 51, 255, 0, 153, 153, 204, 255, 204]",#ccccff,#663333,#cccccc,#333333,#336600,#cc6699,#ffcc99,#9966cc,#cc99ff,#99ffcc
image_027.jpeg,3264,2448,40.71,-73.99,1.75,2014-12-01,"[1006, 858, 734, 512, 494, 54, 54, 53, 52, 2, 1]","[153, 255, 102, 204, 51, 0, 204, 153, 51, 153, 204]","[153, 255, 102, 204, 51, 51, 153, 153, 51, 102, 153]","[153, 255, 102, 204, 51, 0, 204, 204, 0, 51, 102]",#999999,#ffffff,#666666,#cccccc,#003300,#cc99cc,#9999cc,#333300,#996633,#cc9966
image_029.jpeg,2448,3264,25.12,121.51,27.15,2014-12-01,"[810, 643, 608, 529, 488, 4, 3, 2, 2, 1, 1]","[51, 153, 204, 0, 204, 153, 102, 153, 153, 102, 102]","[51, 153, 153, 0, 204, 51, 153, 51, 204, 51, 204]","[51, 153, 153, 0, 153, 51, 204, 102, 102, 0, 204]",#333333,#999999,#cc9999,#000000,#993333,#6699cc,#993366,#99cc66,#663300,#66cccc
image_030.jpeg,2448,2448,25.1,121.51,6.58,2015-01-01,"[2308, 1449, 587, 525, 490, 1, 1, 1, 1, 1, 1]","[102, 51, 102, 102, 153, 153, 255, 204, 153, 204, 153]","[102, 51, 102, 51, 153, 204, 204, 102, 255, 153, 255]","[102, 51, 51, 51, 153, 102, 102, 153, 204, 255, 255]",#666666,#333333,#666633,#663333,#99cc66,#ffcc66,#cc6699,#99ffcc,#cc99ff,#99ffff
image_031.jpeg,2448,3264,25.06,121.56,-7.17,2015-01-01,"[1209, 712, 585, 495, 359, 1, 1, 1, 1, 1, 1]","[51, 102, 153, 204, 204, 0, 204, 102, 204, 153, 153]","[51, 102, 153, 255, 204, 51, 102, 51, 102, 255, 204]","[51, 102, 153, 255, 255, 102, 102, 153, 153, 204, 255]",#333333,#666666,#999999,#ccffff,#003366,#cc6666,#663399,#cc6699,#99ffcc,#99ccff
image_033.jpeg,2448,3264,22.34,114.2,38.53,2015-02-01,"[1290, 729, 596, 426, 310, 3, 2, 1, 1, 1, 1]","[51, 255, 102, 204, 153, 255, 204, 204, 255, 204, 153]","[51, 255, 102, 204, 153, 204, 153, 153, 153, 255, 255]","[51, 255, 102, 204, 204, 153, 255, 102, 153, 153, 204]",#333333,#ffffff,#666666,#cccccc,#ffcc99,#cc99ff,#cc9966,#ff9999,#ccff99,#99ffcc
image_034.jpeg,2448,3264,25.1,121.52,21.04,2015-02-01,"[880, 868, 767, 617, 591, 5, 5, 3, 3, 1, 1]","[153, 102, 204, 153, 153, 51, 102, 102, 204, 153, 204]","[204, 102, 204, 153, 102, 102, 153, 204, 255, 204, 255]","[204, 102, 204, 204, 102, 153, 255, 255, 255, 102, 153]",#99cccc,#666666,#cccccc,#9999cc,#336699,#6699ff,#66ccff,#ccffff,#99cc66,#ccff99
image_035.jpeg,2448,3264,25.05,121.78,176.72,2015-03-01,"[3268, 879, 660, 372, 316, 3, 2, 2, 2, 1, 1]","[51, 51, 102, 102, 102, 153, 204, 204, 204, 0, 255]","[51, 51, 51, 102, 102, 102, 102, 204, 102, 0, 204]","[51, 102, 51, 102, 51, 153, 102, 102, 153, 102, 102]",#333333,#333366,#663333,#666666,#996699,#cc6666,#cccc66,#cc6699,#000066,#ffcc66
image_036.jpeg,2448,3264,21.04,105.85,19.52,2015-03-01,"[1950, 719, 461, 423, 346, 1, 1, 1, 1, 1, 1]","[51, 102, 102, 51, 153, 102, 102, 153, 51, 153, 153]","[51, 102, 51, 51, 153, 102, 0, 153, 0, 51, 204]","[51, 102, 51, 0, 153, 0, 51, 51, 102, 102, 102]",#333333,#666666,#663333,#333300,#666600,#660033,#999933,#330066,#993366,#99cc66
image_037.jpeg,2448,3264,22.33,103.85,1399.73,2015-03-01,"[1198, 642, 640, 592, 396, 1, 1, 1, 1, 1, 1]","[51, 102, 102, 51, 153, 255, 204, 255, 102, 255, 204]","[51, 102, 102, 51, 153, 153, 102, 153, 204, 255, 153]","[51, 51, 102, 0, 102, 102, 153, 153, 204, 204, 255]",#333333,#666633,#666666,#333300,#ff9966,#cc6699,#ff9999,#66cccc,#ffffcc,#cc99ff
image_038.jpeg,2448,3264,22.3,103.91,934.03,2015-03-01,"[2152, 593, 560, 525, 354, 2, 1, 1, 1, 1, 1]","[255, 102, 204, 51, 153, 102, 102, 204, 153, 102, 153]","[255, 102, 255, 51, 153, 204, 0, 153, 153, 204, 255]","[255, 102, 255, 51, 102, 204, 0, 51, 255, 255, 255]",#ffffff,#666666,#ccffff,#333333,#66cccc,#660000,#cc9933,#9999ff,#66ccff,#99ffff
image_039.jpeg,2448,3264,16.47,107.58,66.57,2015-03-01,"[1307, 1005, 499, 463, 408, 1, 1, 1, 1, 1, 1]","[204, 51, 102, 102, 102, 204, 255, 102, 255, 153, 255]","[204, 51, 102, 51, 102, 255, 255, 153, 204, 255, 255]","[204, 51, 102, 51, 51, 153, 153, 204, 255, 255, 255]",#cccccc,#333333,#666666,#663333,#ccff99,#ffff99,#6699cc,#ffccff,#99ffff,#ffffff
image_040.jpeg,2448,3264,15.88,108.33,7.31,2015-03-01,"[1240, 1038, 754, 484, 396, 1, 1, 1, 1, 1, 1]","[204, 51, 204, 102, 51, 0, 153, 102, 255, 51, 51]","[204, 51, 255, 102, 102, 102, 153, 0, 102, 153, 51]","[255, 51, 255, 102, 51, 51, 51, 102, 102, 102, 153]",#ccccff,#333333,#ccffff,#666666,#006633,#999933,#660066,#ff6666,#339966,#333399
image_041.jpeg,2448,3264,15.91,108.34,-0.43,2015-03-01,"[1017, 707, 615, 614, 482, 2, 1, 1, 1, 1, 1]","[153, 204, 204, 153, 204, 102, 0, 51, 153, 153, 255]","[153, 153, 204, 153, 204, 204, 0, 0, 102, 153, 153]","[153, 153, 255, 102, 153, 153, 0, 0, 51, 51, 102]",#999999,#cc9999,#ccccff,#999966,#66cc99,#000000,#330000,#996633,#999933,#ff9966
image_042.jpeg,2448,3264,40.75,-74.0,3.7,2015-04-01,"[904, 736, 678, 539, 481, 1, 1, 1, 1, 1, 1]","[204, 51, 204, 102, 102, 51, 255, 255, 255, 153, 153]","[204, 51, 204, 102, 153, 153, 204, 255, 153, 255, 102]","[204, 51, 153, 102, 204, 102, 102, 153, 204, 204, 255]",#cccccc,#333333,#cccc99,#666666,#339966,#ffcc66,#ffff99,#ff99cc,#99ffcc,#9966ff
image_043.jpeg,2448,3264,25.04,121.57,-20.93,2015-05-01,"[1166, 891, 806, 673, 514, 4, 3, 3, 2, 1, 1]","[51, 102, 204, 153, 102, 255, 102, 153, 204, 0, 255]","[102, 153, 255, 204, 102, 204, 51, 102, 153, 102, 255]","[102, 153, 255, 204, 102, 255, 51, 102, 102, 153, 204]",#336666,#669999,#ccffff,#99cccc,#ffccff,#663333,#996666,#cc9966,#006699,#ffffcc
image_044.jpeg,2448,3264,25.11,121.5,18.19,2015-05-01,"[1198, 660, 499, 477, 430, 1, 1, 1, 1, 1, 1]","[51, 102, 51, 102, 0, 153, 0, 255, 204, 51, 102]","[51, 102, 102, 102, 51, 51, 102, 153, 204, 153, 102]","[51, 102, 51, 51, 51, 51, 102, 102, 102, 153, 204]",#333333,#666666,#336633,#666633,#993333,#006666,#ff9966,#cccc66,#339999,#6666cc
image_045.jpeg,3264,2448,23.86,120.91,787.69,2015-05-01,"[758, 661, 577, 527, 467, 8, 7, 4, 2, 2, 1]","[0, 255, 102, 51, 204, 204, 204, 153, 102, 102, 153]","[0, 255, 153, 51, 204, 204, 153, 255, 204, 204, 255]","[0, 255, 153, 51, 204, 153, 153, 204, 153, 204, 255]",#000000,#ffffff,#669999,#333333,#cccc99,#cc9999,#99ffcc,#66cc99,#66cccc,#99ffff
image_046.jpeg,2448,3264,22.27,114.17,47.6,2015-06-01,"[1245, 1019, 712, 665, 289, 2, 2, 2, 1, 1, 1]","[51, 255, 102, 153, 51, 153, 204, 153, 153, 51, 153]","[51, 255, 102, 153, 51, 102, 153, 204, 153, 0, 204]","[51, 255, 102, 153, 0, 51, 102, 255, 51, 102, 102]",#333333,#ffffff,#666666,#999999,#996633,#cc9966,#99ccff,#999933,#330066,#99cc66
image_047.jpeg,3264,2448,41.03,28.97,77.17,2015-06-01,"[1720, 911, 523, 516, 307, 1, 1, 1, 1, 1, 1]","[204, 51, 102, 153, 153, 153, 51, 51, 102, 102, 204]","[204, 51, 102, 204, 153, 51, 153, 102, 153, 204, 153]","[204, 51, 102, 204, 153, 102, 102, 153, 204, 204, 255]",#cccccc,#333333,#666666,#99cccc,#993366,#339966,#336699,#6699cc,#66cccc,#cc99ff
image_048.jpeg,2448,3264,31.23,121.45,2.28,2015-06-01,"[1326, 708, 707, 706, 534, 3, 3, 3, 1, 1, 1]","[0, 102, 153, 51, 51, 204, 102, 204, 153, 51, 153]","[0, 102, 102, 0, 51, 102, 153, 204, 51, 51, 153]","[0, 102, 102, 0, 51, 102, 204, 255, 0, 204, 255]",#000000,#666666,#996666,#330000,#cc6666,#6699cc,#ccccff,#993300,#3333cc,#9999ff
image_049.jpeg,3264,2448,30.16,120.07,-1.67,2015-06-01,"[2751, 792, 661, 541, 337, 3, 2, 2, 1, 1, 1]","[255, 51, 102, 51, 51, 255, 153, 255, 153, 51, 102]","[255, 51, 102, 102, 51, 255, 204, 204, 204, 153, 204]","[255, 51, 102, 51, 0, 204, 102, 255, 51, 102, 153]",#ffffff,#333333,#666666,#336633,#ffffcc,#99cc66,#ffccff,#99cc33,#339966,#66cc99
image_050.jpeg,3264,2448,29.35,110.43,942.58,2015-06-01,"[1337, 729, 445, 435, 420, 1, 1, 1, 1, 1, 1]","[51, 102, 204, 204, 153, 153, 51, 0, 51, 153, 102]","[51, 102, 204, 204, 153, 102, 153, 102, 153, 102, 204]","[51, 102, 204, 255, 153, 51, 51, 102, 153, 204, 204]",#333333,#666666,#cccccc,#ccccff,#996633,#339933,#006666,#339999,#9966cc,#66cccc
image_051.jpeg,3264,2448,37.2,112.18,759.12,2015-07-01,"[1371, 1301, 437, 391, 371, 1, 1, 1, 1, 1, 1]","[51, 0, 0, 51, 51, 204, 255, 153, 255, 204, 255]","[51, 0, 0, 0, 0, 255, 255, 102, 153, 204, 204]","[51, 0, 51, 51, 0, 153, 153, 204, 204, 255, 255]",#333333,#000000,#000033,#330033,#ccff99,#ffff99,#9966cc,#ff99cc,#ccccff,#ffccff
image_052.jpeg,2448,3264,45.18,-67.78,100.47,2015-08-01,"[1240, 649, 577, 527, 469, 2, 1, 1, 1, 1, 1]","[153, 51, 153, 51, 204, 255, 51, 204, 153, 255, 102]","[204, 51, 204, 51, 204, 255, 102, 51, 153, 153, 153]","[255, 51, 204, 102, 255, 255, 0, 51, 51, 204, 255]",#99ccff,#333333,#99cccc,#333366,#ffffff,#336600,#cc3333,#999933,#ff99cc,#6699ff
image_053.jpeg,2448,3264,40.81,-73.96,43.08,2015-09-01,"[836, 650, 608, 529, 517, 1, 1, 1, 1, 1, 1]","[51, 51, 51, 102, 102, 0, 204, 204, 102, 204, 255]","[51, 0, 51, 102, 51, 51, 255, 255, 204, 255, 204]","[0, 0, 51, 153, 51, 102, 102, 153, 204, 204, 255]",#333300,#330000,#333333,#666699,#003366,#ccff66,#ccff99,#66cccc,#ccffcc,#ffccff
image_054.jpeg,2448,3264,40.83,-73.95,9.2,2015-09-01,"[1188, 821, 473, 457, 423, 2, 2, 2, 1, 1, 1]","[51, 204, 102, 153, 204, 0, 153, 153, 102, 153, 51]","[51, 204, 102, 204, 204, 51, 255, 153, 102, 204, 102]","[51, 204, 102, 204, 255, 102, 204, 255, 0, 102, 153]",#333333,#cccccc,#666666,#99cccc,#003366,#99ffcc,#9999ff,#666600,#99cc66,#336699
image_055.jpeg,3264,2448,40.74,-74.01,14.32,2015-10-01,"[725, 648, 560, 506, 442, 1, 1, 1, 1, 1, 1]","[51, 51, 153, 204, 102, 153, 255, 255, 102, 153, 153]","[102, 51, 153, 204, 153, 204, 204, 255, 51, 153, 204]","[153, 51, 153, 204, 204, 102, 102, 102, 153, 255, 255]",#336699,#333333,#999999,#cccccc,#99cc66,#ffcc66,#ffff66,#663399,#9999ff,#99ccff
image_057.jpeg,2448,3264,40.81,-73.96,40.88,2016-01-01,"[995, 927, 888, 845, 783, 1, 1, 1, 1, 1, 1]","[102, 255, 255, 204, 204, 204, 255, 153, 204, 204, 102]","[51, 153, 153, 153, 153, 255, 255, 102, 153, 255, 255]","[0, 102, 51, 51, 102, 102, 102, 153, 153, 153, 204]",#663300,#ff9966,#ff9933,#cc9933,#ccff66,#ffff66,#996699,#cc9999,#ccff99,#66ffcc
image_058.jpeg,2279,3264,25.12,121.51,20.22,2016-02-01,"[743, 563, 408, 369, 348, 2, 1, 1, 1, 1, 1]","[51, 153, 102, 102, 102, 51, 0, 204, 102, 204, 102]","[51, 204, 153, 204, 102, 204, 102, 102, 204, 153, 255]","[51, 255, 255, 255, 51, 255, 102, 153, 153, 204, 204]",#333333,#99ccff,#6699ff,#66ccff,#33ccff,#006666,#cc6699,#66cc99,#cc99cc,#66ffcc
image_059.jpeg,2844,2134,23.75,120.77,646.67,2016-03-01,"[1320, 771, 765, 566, 561, 2, 2, 2, 1, 1, 1]","[51, 204, 102, 153, 153, 102, 153, 204, 0, 51, 153]","[51, 204, 102, 153, 204, 204, 153, 153, 51, 153, 102]","[51, 204, 102, 204, 204, 204, 255, 255, 102, 102, 204]",#333333,#cccccc,#666666,#9999cc,#66cccc,#9999ff,#cc99ff,#003366,#339966,#9966cc
image_060.jpeg,2448,3264,25.11,121.5,21.72,2016-03-01,"[766, 695, 661, 526, 493, 3, 2, 1, 1, 1, 1]","[255, 102, 102, 51, 204, 153, 204, 153, 0, 51, 204]","[255, 102, 102, 51, 204, 204, 102, 51, 102, 153, 204]","[255, 51, 102, 51, 204, 102, 153, 51, 51, 102, 102]",#ffffff,#666633,#666666,#333333,#99cc66,#cc6699,#993333,#006633,#339966,#cccc66
image_062.jpeg,2448,3264,40.81,-73.96,43.25,2016-04-01,"[2458, 1249, 400, 342, 301, 1, 1, 1, 1, 1, 1]","[255, 51, 102, 102, 153, 102, 102, 204, 102, 255, 204]","[255, 51, 51, 102, 153, 0, 102, 102, 153, 204, 153]","[255, 51, 51, 102, 102, 51, 153, 153, 153, 153, 204]",#ffffff,#333333,#663333,#666666,#660033,#666699,#cc6699,#669999,#ffcc99,#cc99cc
image_063.jpeg,2448,3264,42.71,-73.21,279.68,2016-06-01,"[1906, 1013, 905, 493, 422, 13, 11, 5, 2, 1, 1]","[255, 51, 102, 102, 204, 255, 102, 102, 255, 51, 102]","[255, 51, 102, 102, 204, 204, 51, 102, 204, 153, 204]","[255, 51, 102, 51, 204, 255, 0, 0, 204, 51, 204]",#ffffff,#333333,#666666,#666633,#ffccff,#663300,#666600,#ffcccc,#339933,#66cccc
image_064.jpeg,3264,2448,37.77,-122.48,77.68,2016-06-01,"[943, 715, 637, 419, 382, 1, 1, 1, 1, 1, 1]","[51, 153, 102, 102, 153, 153, 204, 0, 51, 204, 51]","[51, 153, 102, 102, 204, 102, 102, 0, 0, 102, 153]","[51, 153, 102, 51, 255, 0, 51, 102, 102, 102, 153]",#333333,#999999,#666666,#666633,#996600,#cc6633,#000066,#330066,#cc6666,#339999
image_065.jpeg,3264,2448,34.05,-118.25,113.88,2016-06-01,"[1146, 971, 752, 668, 579, 2, 2, 1, 1, 1, 1]","[102, 204, 204, 153, 204, 153, 255, 0, 0, 0, 153]","[102, 204, 204, 153, 255, 204, 153, 0, 0, 51, 51]","[102, 255, 204, 153, 255, 102, 153, 0, 51, 51, 51]",#666666,#ccccff,#cccccc,#999999,#99cc66,#ff9999,#000000,#000033,#003333,#993333
image_066.jpeg,2448,3264,37.8,-122.48,7.63,2016-07-01,"[1295, 1140, 716, 667, 663, 2, 1, 1, 1, 1, 1]","[255, 153, 204, 153, 153, 204, 102, 0, 51, 153, 153]","[255, 153, 255, 153, 102, 204, 0, 51, 51, 51, 204]","[255, 102, 255, 153, 102, 102, 0, 51, 102, 102, 102]",#ffffff,#999966,#ccffff,#999999,#cccc66,#660000,#003333,#333366,#993366,#99cc66
image_067.jpeg,2448,3264,37.76,-122.4,5.83,2016-08-01,"[1298, 914, 692, 622, 471, 2, 2, 2, 1, 1, 1]","[204, 102, 204, 102, 204, 153, 0, 153, 51, 153, 204]","[204, 102, 204, 102, 255, 102, 51, 102, 153, 153, 204]","[255, 153, 204, 102, 255, 102, 153, 204, 102, 102, 153]",#ccccff,#666699,#cccccc,#666666,#996666,#003399,#9966cc,#339966,#999966,#cccc99
image_068.jpeg,2448,3264,25.14,121.51,21.21,2016-09-01,"[833, 774, 661, 649, 482, 1, 1, 1, 1, 1, 1]","[51, 255, 102, 153, 153, 51, 153, 51, 102, 153, 102]","[51, 255, 102, 153, 153, 153, 255, 153, 153, 153, 204]","[51, 255, 51, 153, 102, 204, 204, 255, 255, 255, 255]",#333333,#ffffff,#666633,#999999,#3399cc,#99ffcc,#3399ff,#6699ff,#9999ff,#66ccff
image_069.jpeg,3264,2448,35.68,139.76,49.0,2016-12-01,"[1231, 479, 463, 417, 375, 2, 1, 1, 1, 1, 1]","[51, 51, 204, 102, 102, 102, 204, 153, 255, 51, 153]","[51, 51, 204, 102, 153, 102, 153, 204, 255, 153, 255]","[51, 0, 204, 51, 204, 255, 102, 102, 153, 255, 255]",#333333,#333300,#cccccc,#666633,#6666ff,#cc9966,#99cc66,#ffff99,#3399ff,#99ffff
image_070.jpeg,2448,3264,35.66,139.72,41.64,2016-12-01,"[1273, 855, 761, 620, 483, 1, 1, 1, 1, 1, 1]","[51, 0, 51, 0, 102, 255, 51, 102, 153, 204, 255]","[51, 0, 51, 51, 102, 204, 102, 102, 153, 204, 204]","[51, 0, 0, 0, 102, 153, 204, 204, 204, 255, 255]",#333333,#000000,#333300,#003300,#ffcc99,#3366cc,#6666cc,#9999cc,#ccccff,#ffccff
image_071.jpeg,3264,2448,40.76,-73.97,71.25,2017-01-01,"[1090, 954, 879, 612, 335, 1, 1, 1, 1, 1, 1]","[204, 0, 204, 204, 153, 204, 102, 51, 204, 204, 204]","[204, 0, 204, 153, 153, 102, 153, 102, 204, 102, 255]","[204, 0, 153, 153, 153, 51, 51, 102, 102, 153, 153]",#cccccc,#000000,#cccc99,#cc9999,#cc6633,#669933,#336666,#cccc66,#cc6699,#ccff99
image_072.jpeg,2448,3264,-37.82,144.92,11.05,2017-03-01,"[1413, 783, 498, 292, 276, 1, 1, 1, 1, 1, 1]","[51, 102, 153, 51, 51, 255, 255, 153, 102, 102, 255]","[102, 102, 204, 51, 102, 153, 204, 204, 51, 204, 204]","[153, 102, 204, 51, 102, 51, 51, 102, 153, 153, 204]",#336699,#666666,#99cccc,#333333,#ff9933,#ffcc33,#99cc66,#663399,#66cc99,#ffcccc
image_073.jpeg,3264,2448,-37.82,144.96,56.72,2017-03-01,"[1576, 1140, 646, 375, 350, 1, 1, 1, 1, 1, 1]","[51, 102, 102, 51, 51, 102, 255, 51, 102, 204, 153]","[51, 102, 51, 0, 51, 102, 153, 153, 51, 255, 102]","[51, 102, 51, 51, 0, 0, 51, 102, 153, 153, 204]",#333333,#666666,#663333,#330033,#666600,#ff9933,#339966,#663399,#ccff99,#9966cc
image_074.jpeg,1536,2048,-37.86,144.97,6.54,2017-03-01,"[1046, 729, 722, 566, 555, 2, 2, 1, 1, 1, 1]","[204, 153, 102, 204, 153, 102, 153, 51, 153, 153, 204]","[204, 153, 102, 204, 102, 153, 255, 51, 153, 153, 153]","[204, 153, 102, 255, 102, 51, 204, 0, 51, 255, 255]",#cccccc,#999999,#666666,#ccccff,#669933,#99ffcc,#333300,#999933,#9999ff,#cc99ff
image_075.jpeg,4032,3024,25.14,121.52,153.41,2017-04-01,"[1100, 666, 554, 515, 502, 1, 1, 1, 1, 1, 1]","[51, 102, 255, 204, 153, 204, 204, 51, 255, 204, 255]","[51, 102, 255, 255, 153, 153, 102, 153, 204, 255, 255]","[51, 102, 255, 255, 153, 51, 102, 102, 153, 153, 153]",#333333,#666666,#ffffff,#ccffff,#cc9933,#cc6666,#339966,#ffcc99,#ccff99,#ffff99
image_076.jpeg,2448,3264,42.36,-71.06,11.2,2017-06-01,"[1070, 949, 805, 467, 465, 2, 2, 1, 1, 1, 1]","[51, 153, 102, 102, 204, 102, 255, 153, 255, 255, 102]","[51, 204, 102, 51, 204, 204, 204, 51, 153, 204, 204]","[51, 255, 102, 51, 255, 204, 255, 51, 153, 153, 255]",#333333,#99ccff,#666666,#663333,#66cccc,#ffccff,#993333,#ff9999,#ffcc99,#66ccff
image_077.jpeg,2448,3264,40.84,-73.94,104.0,2017-07-01,"[851, 561, 501, 444, 359, 1, 1, 1, 1, 1, 1]","[51, 102, 204, 153, 102, 102, 153, 153, 51, 153, 153]","[51, 102, 204, 153, 153, 0, 51, 153, 153, 204, 255]","[51, 102, 204, 153, 204, 0, 0, 51, 102, 102, 204]",#333333,#666666,#cccccc,#999999,#660000,#993300,#999933,#339966,#99cc66,#99ffcc
image_078.jpeg,3264,2448,45.15,-67.69,77.14,2017-08-01,"[1468, 705, 610, 522, 374, 3, 3, 2, 1, 1, 1]","[153, 204, 204, 153, 51, 204, 51, 51, 102, 102, 255]","[204, 204, 255, 153, 51, 204, 51, 153, 102, 51, 255]","[255, 255, 255, 204, 51, 102, 153, 153, 0, 153, 153]",#99ccff,#ccccff,#ccffff,#9999cc,#cccc66,#333399,#339999,#666600,#663399,#ffff99
image_080.jpeg,2448,2448,42.35,-71.08,16.74,2017-10-01,"[1463, 1148, 624, 516, 421, 1, 1, 1, 1, 1, 1]","[51, 102, 51, 51, 102, 255, 204, 255, 153, 51, 204]","[51, 102, 51, 102, 51, 153, 102, 153, 102, 153, 153]","[51, 102, 102, 102, 102, 102, 153, 153, 204, 204, 255]",#333333,#666666,#333366,#336666,#ff9966,#cc6699,#ff9999,#9966cc,#3399cc,#cc99ff
image_081.jpeg,2448,3264,42.36,-71.11,16.61,2017-12-01,"[1268, 872, 640, 393, 392, 1, 1, 1, 1, 1, 1]","[153, 102, 153, 102, 51, 102, 204, 255, 51, 51, 153]","[153, 102, 102, 51, 51, 0, 204, 255, 0, 153, 204]","[153, 102, 102, 51, 51, 51, 51, 51, 102, 102, 102]",#999999,#666666,#996666,#663333,#660033,#cccc33,#ffff33,#330066,#339966,#99cc66
image_082.jpeg,2448,3264,42.36,-71.1,90.26,2018-02-01,"[873, 798, 618, 546, 506, 3, 3, 1, 1, 1, 1]","[51, 102, 153, 153, 153, 153, 0, 51, 51, 255, 153]","[51, 102, 153, 153, 204, 153, 51, 0, 102, 204, 255]","[51, 102, 204, 153, 204, 51, 102, 102, 204, 204, 204]",#333333,#666666,#9999cc,#999999,#999933,#003366,#330066,#3366cc,#ffcccc,#99ffcc
image_083.jpeg,2448,3264,61.21,-149.89,19.13,2018-02-01,"[683, 579, 508, 461, 453, 2, 2, 1, 1, 1, 1]","[153, 153, 0, 102, 204, 153, 204, 102, 0, 153, 51]","[204, 255, 0, 204, 255, 102, 153, 51, 0, 153, 204]","[255, 255, 51, 255, 255, 153, 153, 51, 102, 102, 153]",#99ccff,#99ffff,#000033,#66ccff,#996699,#cc9999,#663333,#000066,#999966,#33cc99
image_084.jpeg,2448,3264,61.0,-149.65,14.35,2018-02-01,"[1360, 1006, 600, 433, 374, 3, 3, 2, 2, 2, 1]","[51, 51, 0, 204, 0, 0, 204, 153, 0, 204, 204]","[51, 51, 51, 204, 0, 102, 102, 102, 102, 102, 204]","[51, 102, 51, 204, 51, 51, 102, 51, 102, 153, 102]",#333333,#333366,#003333,#cccccc,#006633,#cc6666,#996633,#006666,#cc6699,#cccc66
image_086.jpeg,2448,3264,42.39,-71.12,15.54,2018-04-01,"[1174, 1142, 785, 714, 555, 1, 1, 1, 1, 1, 1]","[0, 51, 0, 153, 0, 153, 51, 255, 51, 51, 255]","[0, 51, 0, 204, 51, 102, 153, 255, 102, 153, 255]","[0, 51, 51, 255, 51, 153, 153, 153, 204, 204, 255]",#000000,#333333,#000033,#99ccff,#996699,#339999,#ffff99,#3366cc,#3399cc,#ffffff
image_087.jpeg,2448,3264,42.36,-71.06,41.81,2018-05-01,"[1522, 1441, 1069, 427, 387, 3, 2, 2, 1, 1, 1]","[102, 255, 51, 102, 102, 204, 153, 255, 102, 255, 204]","[102, 255, 51, 51, 102, 255, 51, 204, 0, 204, 255]","[102, 255, 51, 51, 51, 255, 102, 255, 0, 204, 204]",#666666,#ffffff,#333333,#663333,#ccffff,#993366,#ffccff,#660000,#ffcccc,#ccffcc
image_088.jpeg,2448,3264,42.37,-71.12,60.62,2018-05-01,"[940, 595, 524, 486, 410, 1, 1, 1, 1, 1, 1]","[51, 51, 102, 51, 51, 51, 51, 102, 102, 102, 102]","[51, 51, 102, 102, 0, 51, 153, 204, 255, 204, 255]","[51, 0, 51, 51, 0, 153, 153, 153, 204, 255, 255]",#333333,#333300,#666633,#336633,#333399,#339999,#66cc99,#66ffcc,#66ccff,#66ffff
image_089.jpeg,2448,3264,43.95,-71.27,1071.13,2018-06-01,"[700, 652, 481, 428, 419, 1, 1, 1, 1, 1, 1]","[204, 51, 153, 204, 102, 153, 51, 102, 255, 204, 51]","[204, 51, 204, 255, 102, 204, 51, 51, 153, 255, 102]","[255, 51, 255, 255, 51, 102, 153, 153, 153, 153, 204]",#ccccff,#333333,#99ccff,#ccffff,#99cc66,#333399,#663399,#ff9999,#ccff99,#3366cc
image_090.jpeg,2448,3264,30.28,-97.74,171.8,2018-06-01,"[1223, 965, 370, 363, 349, 1, 1, 1, 1, 1, 1]","[102, 102, 51, 153, 51, 153, 204, 204, 255, 255, 153]","[51, 102, 51, 102, 102, 102, 102, 153, 153, 255, 204]","[51, 51, 51, 51, 102, 0, 51, 51, 153, 153, 255]",#663333,#666633,#333333,#996633,#996600,#cc6633,#cc9933,#ff9999,#ffff99,#99ccff
image_091.jpeg,2448,3264,40.75,-74.0,-44.09,2018-06-01,"[925, 875, 543, 359, 314, 1, 1, 1, 1, 1, 1]","[51, 51, 51, 102, 51, 153, 204, 153, 255, 102, 51]","[102, 51, 51, 102, 102, 51, 102, 51, 153, 204, 51]","[153, 51, 102, 153, 102, 51, 51, 102, 153, 153, 204]",#336699,#333333,#333366,#666699,#993333,#cc6633,#993366,#ff9999,#66cc99,#3333cc
image_092.jpeg,2448,3264,43.65,-79.36,173.76,2018-07-01,"[600, 542, 426, 384, 370, 1, 1, 1, 1, 1, 1]","[51, 153, 102, 255, 51, 0, 153, 204, 204, 204, 102]","[153, 153, 102, 255, 51, 153, 204, 204, 51, 102, 255]","[255, 204, 153, 255, 102, 102, 102, 102, 153, 204, 255]",#3399ff,#9999cc,#666699,#ffffff,#009966,#99cc66,#cccc66,#cc3399,#cc66cc,#66ffff
image_093.jpeg,2448,3264,50.08,-122.88,1769.42,2018-07-01,"[976, 951, 828, 630, 545, 5, 4, 3, 2, 2, 1]","[51, 102, 102, 102, 102, 153, 153, 204, 0, 51, 102]","[51, 153, 153, 102, 102, 102, 102, 153, 51, 102, 102]","[51, 204, 255, 102, 51, 204, 255, 102, 102, 153, 0]",#333333,#6699cc,#6699ff,#666666,#9966cc,#9966ff,#cc9966,#003366,#336699,#666600
image_094.jpeg,2448,3264,33.94,-118.4,25.49,2018-08-01,"[1519, 1320, 551, 407, 385, 1, 1, 1, 1, 1, 1]","[102, 153, 153, 153, 102, 102, 153, 102, 51, 204, 255]","[153, 153, 204, 102, 102, 0, 51, 153, 0, 102, 153]","[204, 204, 204, 102, 102, 0, 51, 51, 102, 153, 153]",#6699cc,#9999cc,#99cccc,#996666,#660000,#993333,#669933,#330066,#cc6699,#ff9999
image_095.jpeg,2448,3264,40.76,-74.0,33.51,2018-09-01,"[876, 857, 817, 701, 567, 5, 4, 1, 1, 1, 1]","[255, 204, 204, 204, 51, 51, 204, 51, 0, 153, 153]","[255, 204, 255, 204, 51, 102, 153, 0, 51, 102, 153]","[255, 255, 255, 204, 51, 153, 255, 102, 102, 204, 255]",#ffffff,#ccccff,#ccffff,#cccccc,#336699,#cc99ff,#330066,#003366,#9966cc,#9999ff
image_096.jpeg,2448,3264,43.65,-79.36,75.38,2018-09-01,"[1011, 1000, 932, 650, 501, 1, 1, 1, 1, 1, 1]","[51, 204, 51, 153, 0, 255, 102, 255, 0, 51, 0]","[102, 204, 102, 153, 102, 102, 153, 153, 0, 0, 153]","[102, 204, 51, 153, 51, 51, 51, 51, 102, 102, 102]",#336666,#cccccc,#336633,#999999,#ff6633,#669933,#ff9933,#000066,#330066,#009966
image_097.jpeg,3024,4032,40.64,-74.02,23.28,2018-10-01,"[1658, 692, 650, 508, 506, 6, 4, 4, 2, 1, 1]","[51, 204, 204, 204, 102, 153, 204, 204, 153, 153, 204]","[51, 204, 255, 204, 102, 204, 204, 153, 255, 102, 153]","[51, 255, 255, 204, 102, 153, 153, 204, 255, 51, 153]",#333333,#ccccff,#ccffff,#cccccc,#99cc99,#cccc99,#cc99cc,#99ffff,#996633,#cc9999
image_098.jpeg,3024,4032,40.7,-74.0,12.74,2018-11-01,"[2097, 639, 425, 386, 350, 3, 3, 3, 2, 2, 1]","[204, 153, 102, 102, 51, 153, 153, 204, 102, 255, 153]","[204, 153, 51, 102, 51, 51, 102, 102, 153, 153, 204]","[204, 153, 51, 102, 51, 0, 0, 153, 51, 204, 102]",#cccccc,#999999,#663333,#666666,#993300,#996600,#cc6699,#669933,#ff99cc,#99cc66
image_099.jpeg,3024,4032,40.69,-73.97,23.59,2022-03-01,"[571, 497, 406, 406, 375, 1, 1, 1, 1, 1, 1]","[153, 204, 153, 204, 204, 51, 102, 51, 0, 102, 102]","[102, 204, 102, 153, 204, 102, 153, 0, 51, 153, 204]","[102, 204, 51, 153, 153, 0, 51, 102, 153, 204, 204]",#996666,#cccccc,#996633,#cc9999,#336600,#669933,#330066,#003399,#6699cc,#66cccc
image_100.jpeg,3024,4032,40.75,-74.0,7.5,2022-04-01,"[3155, 958, 436, 349, 325, 6, 6, 6, 2, 1, 1]","[153, 204, 153, 153, 204, 255, 255, 255, 51, 102, 51]","[153, 204, 153, 204, 204, 255, 204, 255, 51, 51, 102]","[153, 204, 102, 153, 153, 204, 255, 255, 51, 51, 51]",#999999,#cccccc,#999966,#99cc99,#ffffcc,#ffccff,#ffffff,#333333,#663333,#336633
image_101.jpeg,3024,4032,40.69,-73.97,20.61,2022-04-01,"[639, 627, 586, 494, 429, 1, 1, 1, 1, 1, 1]","[51, 204, 204, 102, 102, 0, 255, 255, 255, 51, 153]","[51, 204, 153, 102, 51, 102, 153, 204, 102, 153, 255]","[51, 153, 153, 102, 51, 102, 102, 102, 153, 153, 204]",#333333,#cccc99,#cc9999,#666666,#006666,#ff9966,#ffcc66,#ff6699,#339999,#99ffcc
image_102.jpeg,3024,4032,36.0,-78.93,120.95,2022-04-01,"[928, 701, 560, 483, 448, 2, 2, 2, 1, 1, 1]","[102, 102, 102, 153, 102, 51, 255, 153, 51, 255, 204]","[153, 204, 102, 153, 102, 153, 153, 255, 0, 204, 255]","[102, 102, 102, 102, 51, 153, 153, 204, 51, 102, 255]",#669966,#66cc66,#666666,#999966,#339999,#ff9999,#99ffcc,#330033,#ffcc66,#ccffff
image_103.jpeg,3024,4032,40.74,-74.01,4.05,2022-05-01,"[870, 840, 826, 729, 626, 1, 1, 1, 1, 1, 1]","[102, 51, 102, 102, 153, 51, 102, 51, 255, 153, 153]","[51, 51, 102, 102, 153, 153, 204, 0, 153, 51, 102]","[102, 102, 102, 153, 153, 102, 102, 153, 153, 204, 255]",#663366,#333366,#666666,#666699,#339966,#66cc66,#330099,#ff9999,#9933cc,#9966ff
image_104.jpeg,3024,4032,40.67,-73.97,47.0,2022-06-01,"[1118, 628, 602, 585, 415, 4, 4, 2, 1, 1, 1]","[153, 0, 204, 102, 51, 102, 153, 51, 153, 204, 204]","[153, 0, 204, 102, 51, 102, 153, 204, 102, 153, 204]","[153, 0, 204, 102, 51, 0, 255, 204, 51, 102, 102]",#999999,#000000,#cccccc,#666666,#666600,#9999ff,#33cccc,#996633,#cc9966,#cccc66
image_105.jpeg,3024,4032,40.72,-73.99,13.03,2022-07-01,"[1701, 996, 762, 592, 425, 1, 1, 1, 1, 1, 1]","[51, 102, 102, 51, 102, 255, 255, 51, 51, 51, 204]","[51, 51, 102, 51, 102, 204, 255, 153, 102, 153, 204]","[51, 51, 51, 0, 102, 51, 51, 153, 255, 255, 255]",#333333,#663333,#666633,#333300,#ffcc33,#ffff33,#339999,#3366ff,#3399ff,#ccccff
image_106.jpeg,3024,4032,40.69,-73.97,44.68,2022-08-01,"[1363, 851, 771, 582, 550, 2, 2, 2, 2, 2, 2]","[102, 153, 51, 204, 102, 153, 0, 153, 204, 204, 255]","[102, 153, 51, 204, 102, 102, 0, 51, 102, 102, 153]","[102, 153, 51, 204, 51, 0, 51, 51, 51, 102, 153]",#666666,#999999,#333333,#cccccc,#996600,#000033,#993333,#cc6633,#cc6666,#ff9999
image_107.jpeg,3024,4032,40.71,-73.99,11.37,2022-09-01,"[1102, 893, 884, 546, 494, 1, 1, 1, 1, 1, 1]","[0, 51, 51, 102, 102, 153, 102, 102, 153, 153, 204]","[0, 51, 51, 51, 102, 255, 0, 153, 255, 153, 153]","[0, 51, 0, 51, 51, 153, 204, 204, 204, 255, 255]",#000000,#333333,#333300,#663333,#99ff99,#6600cc,#6699cc,#99ffcc,#9999ff,#cc99ff
image_109.jpeg,3024,4032,19.43,-99.18,2250.1,2022-10-01,"[1127, 744, 652, 469, 422, 1, 1, 1, 1, 1, 1]","[102, 51, 51, 153, 51, 153, 204, 204, 153, 204, 153]","[102, 51, 51, 153, 0, 51, 102, 153, 204, 102, 255]","[102, 51, 0, 153, 0, 51, 51, 51, 102, 153, 255]",#666666,#333333,#333300,#999999,#993333,#cc6633,#cc9933,#99cc66,#cc6699,#99ffff
image_110.jpeg,3024,4032,19.41,-99.19,2252.15,2022-10-01,"[1322, 932, 867, 746, 420, 1, 1, 1, 1, 1, 1]","[102, 204, 102, 204, 204, 102, 153, 204, 204, 255, 204]","[102, 204, 102, 204, 153, 0, 51, 102, 204, 255, 204]","[102, 204, 51, 153, 153, 51, 51, 51, 102, 153, 255]",#666666,#cccccc,#666633,#cccc99,#660033,#993333,#cc6633,#cccc66,#ffff99,#ccccff
image_111.jpeg,3024,4032,40.78,-73.96,49.71,2022-12-01,"[1479, 1016, 686, 491, 476, 2, 1, 1, 1, 1, 1]","[102, 102, 204, 153, 204, 153, 51, 102, 204, 255, 255]","[102, 102, 204, 102, 204, 204, 102, 102, 204, 153, 255]","[102, 51, 204, 102, 153, 102, 0, 0, 102, 153, 153]",#666666,#666633,#cccccc,#996666,#99cc66,#336600,#666600,#cccc66,#ff9999,#ffff99
image_112.jpeg,3024,4032,32.08,-81.1,14.0,2023-01-01,"[1828, 695, 590, 490, 428, 2, 1, 1, 1, 1, 1]","[153, 204, 102, 51, 102, 153, 102, 255, 255, 102, 153]","[153, 204, 102, 51, 51, 153, 153, 102, 204, 204, 255]","[153, 204, 102, 51, 51, 255, 51, 102, 102, 204, 255]",#999999,#cccccc,#666666,#333333,#9999ff,#669933,#ff6666,#ffcc66,#66cccc,#99ffff
image_113.jpeg,3024,4032,-12.11,-77.06,49.88,2023-02-01,"[1150, 657, 529, 407, 373, 1, 1, 1, 1, 1, 1]","[102, 153, 153, 102, 153, 255, 153, 51, 204, 51, 51]","[102, 204, 204, 153, 153, 0, 51, 153, 153, 204, 204]","[102, 255, 204, 204, 153, 51, 102, 204, 204, 204, 255]",#666666,#99ccff,#99cccc,#6699cc,#ff0033,#993366,#3399cc,#cc99cc,#33cccc,#33ccff
image_114.jpeg,3024,4032,-13.16,-72.54,2457.33,2023-02-01,"[791, 707, 674, 551, 361, 1, 1, 1, 1, 1, 1]","[102, 153, 51, 204, 51, 0, 255, 204, 102, 102, 153]","[102, 153, 51, 204, 102, 102, 153, 102, 102, 204, 255]","[102, 153, 51, 204, 102, 102, 102, 153, 204, 204, 255]",#666666,#999999,#333333,#cccccc,#006666,#ff9966,#cc6699,#6666cc,#66cccc,#99ffff
image_115.jpeg,3024,4032,40.77,-73.99,12.63,2023-04-01,"[998, 834, 561, 466, 349, 1, 1, 1, 1, 1, 1]","[102, 51, 0, 102, 153, 0, 204, 153, 204, 204, 102]","[153, 51, 0, 102, 153, 102, 153, 255, 255, 153, 255]","[204, 51, 0, 102, 204, 204, 204, 204, 204, 255, 255]",#6699cc,#333333,#000000,#666666,#0066cc,#cc99cc,#99ffcc,#ccffcc,#cc99ff,#66ffff
image_116.jpeg,3024,4032,40.71,-74.0,7.53,2023-06-01,"[802, 779, 778, 614, 575, 1, 1, 1, 1, 1, 1]","[102, 153, 153, 204, 153, 51, 153, 204, 255, 102, 255]","[102, 153, 153, 204, 102, 153, 204, 255, 153, 153, 153]","[102, 102, 153, 153, 102, 102, 102, 102, 153, 204, 204]",#666666,#999966,#999999,#cccc99,#339966,#99cc66,#ccff66,#ff9999,#6699cc,#ff99cc
image_117.jpeg,3024,4032,40.74,-74.0,63.76,2023-06-01,"[1168, 633, 541, 527, 498, 2, 2, 1, 1, 1, 1]","[204, 0, 51, 153, 102, 102, 153, 102, 255, 51, 204]","[204, 0, 51, 153, 102, 51, 204, 0, 153, 102, 102]","[204, 0, 51, 153, 102, 0, 102, 51, 102, 153, 153]",#cccccc,#000000,#333333,#999999,#663300,#99cc66,#660033,#ff9966,#336699,#cc6699
image_118.jpeg,3024,4032,40.68,-73.96,20.0,2023-07-01,"[1202, 850, 759, 676, 561, 2, 1, 1, 1, 1, 1]","[204, 51, 204, 0, 51, 153, 0, 102, 153, 204, 204]","[204, 51, 204, 0, 51, 153, 102, 153, 204, 255, 153]","[204, 51, 255, 0, 0, 51, 0, 0, 102, 153, 255]",#cccccc,#333333,#ccccff,#000000,#999933,#006600,#669900,#99cc66,#ccff99,#cc99ff
image_119.jpeg,3024,4032,25.09,121.52,7.29,2023-07-01,"[1146, 841, 686, 399, 387, 1, 1, 1, 1, 1, 1]","[102, 51, 204, 0, 153, 153, 255, 153, 153, 204, 153]","[102, 51, 204, 0, 153, 153, 204, 255, 153, 153, 255]","[102, 51, 204, 0, 153, 51, 153, 204, 255, 255, 255]",#666666,#333333,#cccccc,#000000,#999933,#ffcc99,#99ffcc,#9999ff,#cc99ff,#99ffff
image_120.jpeg,3024,4032,41.98,-73.5,240.6,2023-08-01,"[818, 743, 716, 564, 541, 2, 2, 1, 1, 1, 1]","[204, 153, 51, 0, 51, 102, 204, 153, 204, 51, 153]","[204, 204, 51, 0, 51, 153, 153, 204, 204, 102, 255]","[204, 204, 51, 0, 0, 255, 255, 102, 102, 153, 255]",#cccccc,#99cccc,#333333,#000000,#6699ff,#cc99ff,#99cc66,#cccc66,#336699,#99ffff
image_121.jpeg,3024,4032,32.89,-117.24,112.72,2023-11-01,"[2274, 671, 646, 446, 426, 1, 1, 1, 1, 1, 1]","[153, 51, 153, 204, 102, 102, 51, 153, 153, 153, 153]","[153, 51, 153, 204, 51, 0, 102, 102, 51, 204, 255]","[153, 51, 102, 204, 51, 0, 0, 0, 102, 255, 255]",#999999,#333333,#999966,#cccccc,#660000,#336600,#996600,#993366,#99ccff,#99ffff
image_122.jpeg,3024,4032,25.03,121.57,129.89,2023-12-01,"[1300, 1065, 695, 646, 540, 4, 3, 3, 1, 1, 1]","[51, 0, 102, 51, 0, 255, 153, 204, 255, 204, 255]","[51, 0, 102, 51, 51, 255, 204, 255, 204, 255, 204]","[51, 0, 102, 0, 0, 255, 204, 204, 102, 153, 255]",#333333,#000000,#666666,#333300,#ffffff,#99cccc,#ccffcc,#ffcc66,#ccff99,#ffccff
image_123.jpeg,3024,4032,-33.86,151.21,9.1,2023-12-01,"[1094, 830, 771, 520, 499, 1, 1, 1, 1, 1, 1]","[204, 153, 153, 0, 153, 102, 102, 102, 153, 102, 153]","[204, 153, 204, 0, 153, 102, 153, 102, 102, 204, 255]","[204, 153, 204, 0, 204, 0, 51, 204, 204, 204, 255]",#cccccc,#999999,#99cccc,#000000,#666600,#669933,#6666cc,#9966cc,#66cccc,#99ffff
image_124.jpeg,3024,4032,43.64,-79.41,73.76,2024-01-01,"[1165, 737, 696, 474, 436, 1, 1, 1, 1, 1, 1]","[153, 51, 51, 102, 153, 51, 153, 51, 102, 255, 153]","[153, 153, 51, 102, 153, 153, 204, 51, 204, 204, 153]","[153, 255, 51, 102, 102, 102, 102, 153, 153, 204, 255]",#999999,#3399ff,#333333,#666666,#339966,#99cc66,#333399,#66cc99,#ffcccc,#9999ff
image_125.jpeg,3024,4032,40.69,-73.97,20.24,2024-02-01,"[2518, 778, 584, 493, 437, 24, 23, 23, 21, 6, 1]","[204, 51, 0, 204, 153, 153, 153, 204, 102, 153, 102]","[204, 51, 0, 204, 153, 153, 102, 153, 153, 204, 51]","[204, 51, 0, 255, 153, 102, 153, 153, 102, 255, 0]",#cccccc,#333333,#000000,#ccccff,#999966,#996699,#cc9999,#669966,#99ccff,#663300
image_126.jpeg,3024,4032,40.71,-74.0,11.04,2024-04-01,"[1436, 1278, 1162, 752, 434, 2, 1, 1, 1, 1, 1]","[153, 153, 153, 102, 153, 153, 153, 204, 255, 255, 255]","[102, 102, 153, 102, 153, 153, 0, 51, 51, 102, 153]","[102, 51, 102, 51, 51, 204, 0, 51, 51, 102, 204]",#996666,#996633,#999966,#666633,#9999cc,#990000,#cc3333,#ff3333,#ff6666,#ff99cc
image_127.jpeg,3024,4032,38.89,-77.01,28.65,2024-05-01,"[803, 776, 775, 758, 426, 2, 2, 1, 1, 1, 1]","[51, 153, 204, 51, 204, 0, 102, 0, 204, 51, 153]","[102, 153, 204, 51, 204, 51, 153, 51, 255, 51, 204]","[153, 153, 204, 51, 153, 102, 255, 153, 153, 204, 255]",#336699,#999999,#cccccc,#333333,#003366,#6699ff,#003399,#ccff99,#3333cc,#99ccff
image_128.jpeg,3024,4032,38.89,-77.02,7.91,2024-05-01,"[1283, 876, 831, 612, 376, 1, 1, 1, 1, 1, 1]","[153, 102, 255, 51, 204, 153, 153, 204, 204, 153, 153]","[153, 102, 255, 51, 204, 102, 153, 153, 102, 204, 255]","[153, 102, 255, 51, 204, 0, 0, 0, 51, 102, 255]",#999999,#666666,#ffffff,#333333,#996600,#999900,#cc9900,#cc6633,#99cc66,#99ffff
image_129.jpeg,3024,4032,21.63,-158.05,46.2,2024-05-01,"[783, 547, 419, 380, 364, 1, 1, 1, 1, 1, 1]","[51, 102, 0, 51, 51, 51, 255, 204, 51, 51, 204]","[51, 102, 0, 0, 51, 153, 255, 0, 102, 153, 255]","[0, 51, 0, 0, 51, 0, 51, 102, 102, 102, 255]",#333300,#666633,#000000,#330000,#339900,#ffff33,#cc0066,#336666,#339966,#ccffff
image_130.jpeg,3024,4032,21.26,-157.81,200.44,2024-06-01,"[1237, 735, 520, 458, 419, 2, 2, 2, 1, 1, 1]","[102, 102, 153, 102, 102, 0, 153, 255, 51, 51, 204]","[153, 102, 153, 102, 153, 102, 255, 255, 153, 153, 153]","[204, 102, 204, 51, 102, 51, 204, 204, 51, 102, 153]",#6699cc,#666666,#9999cc,#666633,#006633,#99ffcc,#ffffcc,#339933,#339966,#cc9999
image_131.jpeg,3024,4032,42.98,-70.95,21.35,2024-07-01,"[901, 833, 718, 610, 520, 1, 1, 1, 1, 1, 1]","[102, 102, 102, 153, 51, 255, 51, 204, 51, 102, 102]","[102, 102, 51, 102, 51, 204, 51, 102, 153, 204, 102]","[51, 102, 51, 51, 51, 102, 153, 153, 153, 153, 204]",#666633,#666666,#663333,#996633,#ffcc66,#333399,#cc6699,#339999,#66cc99,#6666cc
image_132.jpeg,2448,3264,42.4,-71.14,34.27,2015-10-01,"[1039, 830, 657, 603, 468, 1, 1, 1, 1, 1, 1]","[102, 51, 153, 153, 153, 102, 255, 153, 153, 204, 204]","[102, 51, 102, 153, 153, 0, 51, 51, 102, 255, 255]","[102, 51, 102, 153, 102, 102, 102, 153, 204, 204, 255]",#666666,#333333,#996666,#999999,#660066,#ff3366,#993399,#9966cc,#ccffcc,#ccffff
image_133.jpeg,2448,3264,42.37,-71.03,7.63,2016-03-01,"[1900, 886, 838, 725, 661, 1, 1, 1, 1, 1, 1]","[0, 0, 51, 51, 0, 51, 0, 51, 153, 204, 204]","[0, 0, 51, 0, 51, 51, 102, 102, 204, 255, 255]","[0, 51, 51, 0, 0, 153, 153, 153, 153, 153, 255]",#000000,#000033,#333333,#330000,#333399,#006699,#336699,#99cc99,#ccff99,#ccffff
image_134.jpeg,2448,3264,42.38,-71.1,12.04,2016-04-01,"[569, 550, 486, 431, 420, 1, 1, 1, 1, 1, 1]","[204, 255, 102, 102, 51, 255, 204, 204, 153, 204, 204]","[102, 153, 51, 102, 0, 153, 204, 255, 153, 255, 204]","[51, 51, 51, 51, 0, 102, 102, 153, 204, 204, 255]",#cc6633,#ff9933,#663333,#666633,#ff9966,#cccc66,#ccff99,#9999cc,#ccffcc,#ccccff
image_135.jpeg,2448,3264,42.36,-71.09,3.18,2016-08-01,"[732, 553, 526, 483, 460, 1, 1, 1, 1, 1, 1]","[153, 153, 204, 51, 0, 102, 255, 204, 255, 51, 102]","[204, 204, 204, 51, 51, 0, 102, 153, 153, 51, 102]","[255, 204, 204, 51, 51, 0, 51, 51, 51, 153, 204]",#99ccff,#99cccc,#cccccc,#333333,#660000,#ff6633,#cc9933,#ff9933,#333399,#6666cc
image_136.jpeg,2448,3264,42.38,-71.11,13.0,2016-08-01,"[939, 918, 588, 406, 378, 1, 1, 1, 1, 1, 1]","[102, 51, 153, 153, 153, 204, 255, 0, 153, 51, 153]","[102, 51, 153, 102, 153, 51, 102, 153, 204, 102, 102]","[102, 51, 153, 102, 102, 102, 102, 102, 102, 153, 204]",#666666,#333333,#999999,#996666,#cc3366,#ff6666,#009966,#99cc66,#336699,#9966cc
image_137.jpeg,3264,2448,42.38,-71.11,8.18,2016-08-01,"[3015, 530, 502, 480, 423, 2, 1, 1, 1, 1, 1]","[0, 0, 51, 0, 51, 204, 51, 153, 204, 204, 153]","[0, 51, 0, 0, 51, 204, 102, 153, 102, 255, 204]","[0, 0, 0, 51, 51, 255, 0, 51, 102, 153, 204]",#000000,#003300,#330000,#000033,#ccccff,#336600,#999933,#cc6666,#ccff99,#99cccc
image_138.jpeg,2448,3264,42.38,-71.12,12.0,2016-10-01,"[1017, 635, 615, 455, 421, 1, 1, 1, 1, 1, 1]","[51, 0, 153, 102, 153, 153, 0, 102, 255, 102, 51]","[51, 0, 102, 102, 153, 102, 153, 153, 153, 153, 255]","[51, 0, 102, 102, 102, 204, 204, 204, 204, 255, 255]",#333333,#000000,#996666,#666666,#9966cc,#0099cc,#6699cc,#ff99cc,#6699ff,#33ffff
image_140.jpeg,3264,2448,42.35,-71.11,28.96,2016-10-01,"[874, 735, 523, 423, 411, 1, 1, 1, 1, 1, 1]","[51, 51, 0, 51, 0, 0, 255, 204, 255, 51, 51]","[51, 51, 51, 102, 0, 102, 153, 255, 255, 204, 204]","[51, 102, 51, 204, 51, 153, 153, 153, 153, 204, 255]",#333333,#333366,#003333,#3366cc,#006699,#ff9999,#ccff99,#ffff99,#33cccc,#33ccff
image_141.jpeg,3264,2448,42.37,-71.05,25.38,2016-11-01,"[979, 622, 582, 506, 500, 1, 1, 1, 1, 1, 1]","[102, 153, 102, 204, 204, 51, 255, 204, 255, 102, 255]","[102, 102, 102, 204, 204, 51, 102, 255, 255, 153, 153]","[102, 102, 51, 153, 204, 153, 153, 153, 153, 204, 204]",#666666,#996666,#666633,#cccc99,#333399,#ff6699,#ccff99,#ffff99,#6699cc,#ff99cc
image_142.jpeg,2448,3264,42.33,-71.09,70.72,2016-11-01,"[798, 737, 642, 544, 453, 1, 1, 1, 1, 1, 1]","[102, 153, 51, 153, 102, 51, 51, 102, 102, 102, 102]","[102, 153, 51, 102, 102, 51, 102, 204, 102, 153, 204]","[102, 153, 51, 102, 51, 153, 153, 153, 204, 204, 204]",#666666,#999999,#333333,#996666,#333399,#336699,#66cc99,#6666cc,#6699cc,#66cccc
image_143.jpeg,2448,3264,42.36,-71.06,9.29,2017-06-01,"[1030, 1015, 773, 632, 471, 7, 5, 3, 3, 2, 1]","[51, 51, 51, 102, 0, 255, 153, 102, 255, 204, 204]","[51, 51, 0, 51, 0, 204, 51, 153, 204, 204, 102]","[0, 51, 0, 51, 0, 255, 51, 51, 102, 102, 102]",#333300,#333333,#330000,#663333,#ffccff,#993333,#669933,#ffcc66,#cccc66,#cc6666
image_144.jpeg,2448,3264,42.35,-71.09,11.89,2017-10-01,"[1201, 1149, 386, 374, 314, 1, 1, 1, 1, 1, 1]","[102, 51, 102, 102, 0, 255, 51, 255, 51, 102, 204]","[102, 51, 51, 51, 0, 204, 51, 153, 153, 204, 153]","[102, 51, 51, 102, 0, 102, 153, 153, 204, 204, 255]",#666666,#333333,#663333,#663366,#ffcc66,#333399,#ff9999,#3399cc,#66cccc,#cc99ff
image_145.jpeg,2448,2448,42.34,-71.09,18.36,2017-10-01,"[2178, 684, 515, 495, 464, 1, 1, 1, 1, 1, 1]","[51, 204, 204, 153, 102, 153, 51, 0, 255, 255, 204]","[51, 204, 204, 102, 102, 0, 0, 102, 153, 204, 255]","[51, 204, 153, 102, 102, 51, 102, 102, 102, 102, 255]",#333333,#cccccc,#cccc99,#996666,#990033,#330066,#006666,#ff9966,#ffcc66,#ccffff
image_146.jpeg,2448,3264,42.38,-71.11,11.05,2018-01-01,"[1048, 858, 783, 686, 489, 1, 1, 1, 1, 1, 1]","[255, 153, 102, 102, 153, 51, 51, 255, 255, 255, 153]","[255, 153, 102, 51, 102, 51, 102, 255, 153, 255, 255]","[255, 153, 51, 51, 51, 102, 102, 102, 153, 153, 204]",#ffffff,#999999,#666633,#663333,#333366,#336666,#ffff66,#ff9999,#ffff99,#99ffcc
